{"cameraMode":{"drawMode":0,"name":"Shaded","section":"Shading Mode"},"sceneLighting":false,"audioPlay":false,"sceneViewState":{"showFog":true,"showMaterialUpdate":false,"showSkybox":true,"showFlares":true,"showImageEffects":true,"showParticleSystems":true},"in2DMode":false,"pivot":{"x":8.095409393310547,"y":-2.142320156097412,"z":0.2479724884033203},"rotation":{"x":-0.028792256489396097,"y":0.030579419806599618,"z":-0.0008813248132355511,"w":-0.9991171956062317},"size":14.883468627929688,"orthographic":false}