{"cameraMode":{"drawMode":0,"name":"Shaded","section":"Shading Mode"},"sceneLighting":false,"audioPlay":false,"sceneViewState":{"showFog":true,"showMaterialUpdate":false,"showSkybox":true,"showFlares":true,"showImageEffects":true,"showParticleSystems":true},"in2DMode":false,"pivot":{"x":-4.4188456535339359,"y":-1.003524899482727,"z":1.6628395318984986},"rotation":{"x":0.08546803146600723,"y":-0.4506196975708008,"z":0.043392956256866458,"w":0.8875551819801331},"size":11.863980293273926,"orthographic":true}