{"cameraMode":{"drawMode":0,"name":"Shaded","section":"Shading Mode"},"sceneLighting":false,"audioPlay":false,"sceneViewState":{"showFog":true,"showMaterialUpdate":false,"showSkybox":true,"showFlares":true,"showImageEffects":true,"showParticleSystems":true},"in2DMode":false,"pivot":{"x":3.518815755844116,"y":0.5580743551254273,"z":-3.358593702316284},"rotation":{"x":-0.19063302874565125,"y":0.6816766262054443,"z":-0.19109074771404267,"w":-0.680044412612915},"size":0.11860376596450806,"orthographic":false}